<?xml version="1.0" encoding="UTF-8"?>
<!DOCTYPE mapper PUBLIC "-//mybatis.org//DTD Mapper 3.0//EN" "http://mybatis.org/dtd/mybatis-3-mapper.dtd">
<mapper namespace="com.app.mapper.UserMapper">
	<select id="findAll" resultType="com.app.domain.MST_User">
		select * from MST_user order by user_id
	</select>
	
	<select id="findOne" resultType="com.app.domain.MST_User">
		select * from MST_user where user_address= #{user_address}
	</select>
	
	<insert id="save" useGeneratedKeys="true" keyProperty="user_id">
		insert into MST_user(user_name, user_password, user_address, user_type, author, creation_date, updater, updated_date) 
			values(#{name}, #{password},#{address},#{type},#{author}, #{creation_date}, #{updater}, #{updated_date})
	</insert>
	
	<update id="update">
		update MST_user set user_name=#{name}, user_address=#{address} where user_id= #{id}
	</update>
	
	<delete id="delete">
		delete from MST_user where user_id = #{id}
	</delete>
</mapper>